frases,risco
tive um leve incômodo nas costas,baixo risco
tenho um aperto forte no peito que vai para o braço esquerdo,alto risco
estou com um pouco de tosse há dois dias,baixo risco
estou com suor frio e náusea e a dor no peito não passa,alto risco
senti uma leve dor de cabeça depois de ficar no computador,baixo risco
desmaiei hoje e meu coração estava disparado,alto risco
estou com o nariz entupido e um pouco de coriza,baixo risco
meu rosto ficou torto e não consigo falar direito,alto risco
tive uma pequena dor muscular depois de caminhar,baixo risco
estou com falta de ar mesmo em repouso e os lábios arroxeados,alto risco
senti um leve cansaço no fim do dia,baixo risco
minha dor no peito começou há uma hora e piora com esforço,alto risco
estou com azia depois do almoço,baixo risco
tive palpitação forte seguida de tontura e visão escura,alto risco
tive tontura leve ao levantar rápido da cadeira,baixo risco
estou com muita falta de ar ao deitar e os pés muito inchados,alto risco
senti uma leve dor de barriga que já passou,baixo risco
senti dormência no braço esquerdo com suor frio,alto risco
estou com dor na garganta há um dia sem febre,baixo risco
estou com dor na garganta há um dia sem febre,baixo risco